arch_str,Accuracy,GT_Accuracy
|none~0|+|none~0|skip_connect~1|+|nor_conv_1x1~0|skip_connect~1|skip_connect~2|,43.79,85.65333333577473
|none~0|+|avg_pool_3x3~0|avg_pool_3x3~1|+|none~0|nor_conv_3x3~1|none~2|,10.0,9.712000000203451
|none~0|+|none~0|skip_connect~1|+|skip_connect~0|avg_pool_3x3~1|avg_pool_3x3~2|,40.589999999999996,84.41599999267578
|none~0|+|avg_pool_3x3~0|avg_pool_3x3~1|+|skip_connect~0|nor_conv_3x3~1|skip_connect~2|,40.87,77.95199999267578
|nor_conv_3x3~0|+|avg_pool_3x3~0|none~1|+|nor_conv_1x1~0|skip_connect~1|nor_conv_3x3~2|,44.43,89.32666665608724
|nor_conv_1x1~0|+|nor_conv_1x1~0|skip_connect~1|+|skip_connect~0|nor_conv_1x1~1|none~2|,42.3,87.7240000016276
|none~0|+|nor_conv_3x3~0|nor_conv_1x1~1|+|none~0|nor_conv_1x1~1|avg_pool_3x3~2|,42.6,84.38399999389648
|nor_conv_1x1~0|+|none~0|avg_pool_3x3~1|+|nor_conv_3x3~0|none~1|nor_conv_3x3~2|,46.11,88.72399998657227
|none~0|+|avg_pool_3x3~0|avg_pool_3x3~1|+|nor_conv_1x1~0|nor_conv_1x1~1|avg_pool_3x3~2|,43.36,84.50666666097005
|skip_connect~0|+|none~0|skip_connect~1|+|none~0|nor_conv_1x1~1|none~2|,40.89,86.21599998860677
|skip_connect~0|+|none~0|nor_conv_1x1~1|+|nor_conv_3x3~0|nor_conv_3x3~1|nor_conv_1x1~2|,45.47,89.0813333260091
|skip_connect~0|+|nor_conv_1x1~0|skip_connect~1|+|nor_conv_1x1~0|nor_conv_1x1~1|none~2|,43.81,86.26533332926432
|avg_pool_3x3~0|+|skip_connect~0|skip_connect~1|+|avg_pool_3x3~0|skip_connect~1|nor_conv_3x3~2|,43.47,83.39866666585287
|nor_conv_3x3~0|+|nor_conv_1x1~0|skip_connect~1|+|avg_pool_3x3~0|nor_conv_1x1~1|none~2|,47.22,88.58199998535156
|skip_connect~0|+|none~0|nor_conv_3x3~1|+|nor_conv_1x1~0|nor_conv_1x1~1|none~2|,43.91,86.19600000651042
|skip_connect~0|+|avg_pool_3x3~0|skip_connect~1|+|nor_conv_1x1~0|nor_conv_3x3~1|nor_conv_3x3~2|,43.64,88.97599999023437
|nor_conv_3x3~0|+|skip_connect~0|skip_connect~1|+|nor_conv_1x1~0|skip_connect~1|avg_pool_3x3~2|,44.11,86.81733332926432
|avg_pool_3x3~0|+|nor_conv_1x1~0|nor_conv_3x3~1|+|avg_pool_3x3~0|avg_pool_3x3~1|nor_conv_3x3~2|,44.78,85.7000000032552
|nor_conv_1x1~0|+|skip_connect~0|avg_pool_3x3~1|+|skip_connect~0|nor_conv_3x3~1|none~2|,42.58,89.7419999963379
|none~0|+|none~0|skip_connect~1|+|skip_connect~0|nor_conv_3x3~1|avg_pool_3x3~2|,40.510000000000005,84.66400000569662
|none~0|+|nor_conv_3x3~0|avg_pool_3x3~1|+|nor_conv_3x3~0|nor_conv_3x3~1|avg_pool_3x3~2|,44.71,88.7699999987793
|nor_conv_1x1~0|+|avg_pool_3x3~0|none~1|+|none~0|avg_pool_3x3~1|nor_conv_1x1~2|,41.71,80.76399997802734
|nor_conv_1x1~0|+|none~0|nor_conv_3x3~1|+|nor_conv_1x1~0|skip_connect~1|nor_conv_3x3~2|,42.95,89.89799998168945
|none~0|+|nor_conv_1x1~0|skip_connect~1|+|avg_pool_3x3~0|avg_pool_3x3~1|none~2|,40.61,72.17800001586915
|nor_conv_1x1~0|+|avg_pool_3x3~0|skip_connect~1|+|avg_pool_3x3~0|skip_connect~1|nor_conv_1x1~2|,43.09,85.75000001342772
|skip_connect~0|+|avg_pool_3x3~0|none~1|+|avg_pool_3x3~0|avg_pool_3x3~1|nor_conv_1x1~2|,41.77,75.7800000008138
|nor_conv_3x3~0|+|none~0|nor_conv_1x1~1|+|none~0|nor_conv_1x1~1|skip_connect~2|,51.6,87.99199998291016
|none~0|+|skip_connect~0|none~1|+|avg_pool_3x3~0|none~1|nor_conv_3x3~2|,44.15,87.55199999511719
|none~0|+|avg_pool_3x3~0|skip_connect~1|+|skip_connect~0|nor_conv_3x3~1|avg_pool_3x3~2|,40.92,76.20666666910807
|skip_connect~0|+|nor_conv_1x1~0|avg_pool_3x3~1|+|avg_pool_3x3~0|nor_conv_3x3~1|skip_connect~2|,43.519999999999996,83.82799999755859
|avg_pool_3x3~0|+|skip_connect~0|nor_conv_3x3~1|+|nor_conv_1x1~0|nor_conv_1x1~1|nor_conv_3x3~2|,46.7,89.41999999023437
|avg_pool_3x3~0|+|nor_conv_3x3~0|skip_connect~1|+|none~0|skip_connect~1|none~2|,40.6,71.8239999991862
|nor_conv_1x1~0|+|none~0|avg_pool_3x3~1|+|avg_pool_3x3~0|skip_connect~1|avg_pool_3x3~2|,42.28,84.26399998168945
|skip_connect~0|+|none~0|none~1|+|none~0|skip_connect~1|none~2|,40.63,84.27466665445964
|none~0|+|nor_conv_1x1~0|avg_pool_3x3~1|+|none~0|skip_connect~1|nor_conv_1x1~2|,27.47,84.62399997070312
|nor_conv_3x3~0|+|skip_connect~0|skip_connect~1|+|avg_pool_3x3~0|avg_pool_3x3~1|avg_pool_3x3~2|,42.82,82.28199999389648
|nor_conv_3x3~0|+|skip_connect~0|nor_conv_3x3~1|+|nor_conv_3x3~0|skip_connect~1|none~2|,44.59,88.7600000048828
|none~0|+|nor_conv_3x3~0|nor_conv_3x3~1|+|nor_conv_1x1~0|nor_conv_3x3~1|nor_conv_3x3~2|,47.56,89.63199999511718
|none~0|+|none~0|nor_conv_3x3~1|+|none~0|nor_conv_1x1~1|none~2|,10.0,9.711999999186197
|skip_connect~0|+|skip_connect~0|avg_pool_3x3~1|+|skip_connect~0|nor_conv_3x3~1|skip_connect~2|,42.76,75.41066666503906
|nor_conv_3x3~0|+|skip_connect~0|nor_conv_3x3~1|+|nor_conv_1x1~0|skip_connect~1|none~2|,44.4,89.15399998901367
|nor_conv_3x3~0|+|avg_pool_3x3~0|none~1|+|none~0|avg_pool_3x3~1|none~2|,40.19,84.56400000610353
|none~0|+|skip_connect~0|nor_conv_3x3~1|+|skip_connect~0|nor_conv_3x3~1|nor_conv_3x3~2|,43.08,89.14533333251954
|skip_connect~0|+|nor_conv_3x3~0|skip_connect~1|+|none~0|nor_conv_3x3~1|none~2|,41.49,88.78266665690103
|nor_conv_3x3~0|+|nor_conv_1x1~0|nor_conv_1x1~1|+|nor_conv_3x3~0|nor_conv_3x3~1|avg_pool_3x3~2|,50.49,89.67999999511717
|nor_conv_3x3~0|+|skip_connect~0|nor_conv_1x1~1|+|skip_connect~0|skip_connect~1|none~2|,43.37,89.28999998413086
|avg_pool_3x3~0|+|avg_pool_3x3~0|nor_conv_1x1~1|+|none~0|none~1|none~2|,10.0,9.712000000101725
|avg_pool_3x3~0|+|nor_conv_3x3~0|avg_pool_3x3~1|+|avg_pool_3x3~0|skip_connect~1|none~2|,40.73,71.03466667399088
|avg_pool_3x3~0|+|none~0|none~1|+|skip_connect~0|avg_pool_3x3~1|none~2|,40.83,77.0026666756185
|skip_connect~0|+|nor_conv_3x3~0|avg_pool_3x3~1|+|none~0|skip_connect~1|avg_pool_3x3~2|,42.95,82.79066666829426
|avg_pool_3x3~0|+|none~0|none~1|+|avg_pool_3x3~0|nor_conv_3x3~1|avg_pool_3x3~2|,43.65,79.30933332519531
|avg_pool_3x3~0|+|avg_pool_3x3~0|nor_conv_1x1~1|+|nor_conv_1x1~0|skip_connect~1|nor_conv_1x1~2|,42.18,85.6920000024414
|skip_connect~0|+|nor_conv_1x1~0|skip_connect~1|+|nor_conv_3x3~0|nor_conv_1x1~1|nor_conv_3x3~2|,46.410000000000004,89.27733333007814
|nor_conv_1x1~0|+|none~0|nor_conv_3x3~1|+|none~0|avg_pool_3x3~1|avg_pool_3x3~2|,41.63,84.83000001220702
|none~0|+|none~0|skip_connect~1|+|avg_pool_3x3~0|avg_pool_3x3~1|nor_conv_1x1~2|,39.95,72.04400000081381
|skip_connect~0|+|nor_conv_1x1~0|skip_connect~1|+|none~0|nor_conv_1x1~1|nor_conv_1x1~2|,42.08,86.73200000244141
|skip_connect~0|+|nor_conv_3x3~0|nor_conv_1x1~1|+|avg_pool_3x3~0|avg_pool_3x3~1|avg_pool_3x3~2|,43.519999999999996,82.27200001627604
|none~0|+|avg_pool_3x3~0|none~1|+|nor_conv_1x1~0|skip_connect~1|nor_conv_1x1~2|,42.99,86.43333333170573
|none~0|+|none~0|skip_connect~1|+|avg_pool_3x3~0|nor_conv_1x1~1|nor_conv_1x1~2|,38.29,72.10000001953125
|avg_pool_3x3~0|+|skip_connect~0|skip_connect~1|+|nor_conv_1x1~0|nor_conv_1x1~1|avg_pool_3x3~2|,43.580000000000005,80.74599998901367
|nor_conv_3x3~0|+|nor_conv_1x1~0|none~1|+|none~0|nor_conv_3x3~1|nor_conv_1x1~2|,48.730000000000004,88.89866666097005
|none~0|+|none~0|skip_connect~1|+|nor_conv_1x1~0|nor_conv_1x1~1|skip_connect~2|,43.89,86.16799997884114
|nor_conv_3x3~0|+|avg_pool_3x3~0|avg_pool_3x3~1|+|nor_conv_3x3~0|none~1|none~2|,44.65,88.72199998413086
|none~0|+|skip_connect~0|none~1|+|avg_pool_3x3~0|nor_conv_1x1~1|avg_pool_3x3~2|,40.69,69.54999999511719
|avg_pool_3x3~0|+|skip_connect~0|skip_connect~1|+|nor_conv_3x3~0|none~1|nor_conv_1x1~2|,45.18,89.00199999511719
|nor_conv_1x1~0|+|none~0|skip_connect~1|+|nor_conv_1x1~0|skip_connect~1|none~2|,43.21,86.40400000976562
|nor_conv_1x1~0|+|avg_pool_3x3~0|avg_pool_3x3~1|+|nor_conv_3x3~0|skip_connect~1|skip_connect~2|,43.919999999999995,87.54399999023438
|skip_connect~0|+|skip_connect~0|none~1|+|nor_conv_3x3~0|skip_connect~1|nor_conv_1x1~2|,45.22,89.07733332926432
|nor_conv_3x3~0|+|skip_connect~0|skip_connect~1|+|nor_conv_1x1~0|none~1|nor_conv_3x3~2|,46.77,90.14399998046875
|none~0|+|nor_conv_3x3~0|skip_connect~1|+|skip_connect~0|nor_conv_3x3~1|nor_conv_1x1~2|,45.26,90.54799998291016
|nor_conv_1x1~0|+|skip_connect~0|none~1|+|skip_connect~0|skip_connect~1|nor_conv_3x3~2|,43.88,89.05799998779297
|nor_conv_1x1~0|+|nor_conv_1x1~0|nor_conv_1x1~1|+|none~0|nor_conv_1x1~1|avg_pool_3x3~2|,41.33,86.20533333821614
|nor_conv_3x3~0|+|avg_pool_3x3~0|none~1|+|nor_conv_1x1~0|none~1|nor_conv_1x1~2|,43.1,86.72600000488282
|skip_connect~0|+|avg_pool_3x3~0|none~1|+|nor_conv_1x1~0|none~1|avg_pool_3x3~2|,43.49,84.66933332275391
|nor_conv_3x3~0|+|nor_conv_1x1~0|nor_conv_3x3~1|+|nor_conv_1x1~0|avg_pool_3x3~1|avg_pool_3x3~2|,47.599999999999994,88.75466665364583
|none~0|+|nor_conv_3x3~0|skip_connect~1|+|avg_pool_3x3~0|nor_conv_1x1~1|none~2|,40.97,72.00600000366211
|nor_conv_3x3~0|+|none~0|avg_pool_3x3~1|+|avg_pool_3x3~0|skip_connect~1|nor_conv_1x1~2|,46.08,87.3939999963379
|nor_conv_3x3~0|+|none~0|avg_pool_3x3~1|+|nor_conv_1x1~0|nor_conv_1x1~1|none~2|,48.97,89.44799998535157
|nor_conv_1x1~0|+|avg_pool_3x3~0|nor_conv_3x3~1|+|nor_conv_1x1~0|nor_conv_1x1~1|nor_conv_3x3~2|,45.01,89.5600000016276
|nor_conv_1x1~0|+|avg_pool_3x3~0|skip_connect~1|+|skip_connect~0|nor_conv_3x3~1|nor_conv_3x3~2|,45.06,89.86599998291015
|skip_connect~0|+|avg_pool_3x3~0|nor_conv_1x1~1|+|avg_pool_3x3~0|nor_conv_3x3~1|avg_pool_3x3~2|,43.730000000000004,83.25066667561849
|none~0|+|nor_conv_1x1~0|skip_connect~1|+|nor_conv_1x1~0|nor_conv_3x3~1|avg_pool_3x3~2|,43.01,86.8439999983724
|avg_pool_3x3~0|+|nor_conv_1x1~0|nor_conv_3x3~1|+|nor_conv_3x3~0|nor_conv_3x3~1|skip_connect~2|,45.36,88.82199999511718
|avg_pool_3x3~0|+|nor_conv_3x3~0|none~1|+|skip_connect~0|nor_conv_1x1~1|avg_pool_3x3~2|,44.31,88.38199999877929
|avg_pool_3x3~0|+|nor_conv_1x1~0|skip_connect~1|+|none~0|nor_conv_1x1~1|skip_connect~2|,43.2,85.54399997192382
|skip_connect~0|+|skip_connect~0|none~1|+|none~0|skip_connect~1|nor_conv_3x3~2|,44.29,89.16799999023438
|avg_pool_3x3~0|+|none~0|nor_conv_3x3~1|+|nor_conv_3x3~0|avg_pool_3x3~1|skip_connect~2|,45.1,86.17999999511717
|nor_conv_3x3~0|+|nor_conv_3x3~0|skip_connect~1|+|nor_conv_3x3~0|skip_connect~1|none~2|,44.7,88.8600000012207
|none~0|+|nor_conv_3x3~0|skip_connect~1|+|skip_connect~0|avg_pool_3x3~1|nor_conv_3x3~2|,47.83,90.93199999145509
|none~0|+|avg_pool_3x3~0|none~1|+|skip_connect~0|nor_conv_3x3~1|skip_connect~2|,40.92,77.41599998046875
|nor_conv_3x3~0|+|avg_pool_3x3~0|avg_pool_3x3~1|+|avg_pool_3x3~0|nor_conv_1x1~1|nor_conv_3x3~2|,48.05,88.83199999186199
|avg_pool_3x3~0|+|avg_pool_3x3~0|avg_pool_3x3~1|+|nor_conv_3x3~0|nor_conv_3x3~1|skip_connect~2|,44.95,83.81333333170573
|nor_conv_3x3~0|+|nor_conv_3x3~0|skip_connect~1|+|nor_conv_1x1~0|nor_conv_1x1~1|avg_pool_3x3~2|,46.42,89.3973333203125
|nor_conv_3x3~0|+|skip_connect~0|nor_conv_3x3~1|+|nor_conv_1x1~0|none~1|nor_conv_1x1~2|,46.63,90.05066665364582
|skip_connect~0|+|nor_conv_1x1~0|nor_conv_1x1~1|+|nor_conv_1x1~0|avg_pool_3x3~1|none~2|,43.5,85.63599999348958
|skip_connect~0|+|skip_connect~0|nor_conv_3x3~1|+|skip_connect~0|skip_connect~1|skip_connect~2|,42.8,75.20800000813801
|none~0|+|nor_conv_3x3~0|nor_conv_1x1~1|+|nor_conv_3x3~0|avg_pool_3x3~1|nor_conv_3x3~2|,48.19,89.50666667724609
|nor_conv_3x3~0|+|none~0|nor_conv_3x3~1|+|skip_connect~0|nor_conv_3x3~1|avg_pool_3x3~2|,52.370000000000005,90.83999999145507
|none~0|+|avg_pool_3x3~0|nor_conv_3x3~1|+|nor_conv_3x3~0|none~1|nor_conv_1x1~2|,45.09,88.16999999267578
|nor_conv_1x1~0|+|nor_conv_3x3~0|avg_pool_3x3~1|+|nor_conv_3x3~0|avg_pool_3x3~1|avg_pool_3x3~2|,44.06,88.05599999389648
|skip_connect~0|+|nor_conv_3x3~0|nor_conv_1x1~1|+|skip_connect~0|nor_conv_3x3~1|nor_conv_3x3~2|,47.339999999999996,91.064000004069
|none~0|+|nor_conv_3x3~0|nor_conv_3x3~1|+|nor_conv_1x1~0|skip_connect~1|nor_conv_3x3~2|,48.04,89.98999999267578
|skip_connect~0|+|avg_pool_3x3~0|none~1|+|avg_pool_3x3~0|nor_conv_3x3~1|avg_pool_3x3~2|,43.32,83.37733334716798
|avg_pool_3x3~0|+|none~0|nor_conv_3x3~1|+|none~0|skip_connect~1|nor_conv_3x3~2|,45.910000000000004,83.68133332031249
|skip_connect~0|+|none~0|nor_conv_3x3~1|+|nor_conv_1x1~0|nor_conv_1x1~1|skip_connect~2|,44.25,89.20133333658855
|nor_conv_3x3~0|+|nor_conv_1x1~0|nor_conv_3x3~1|+|nor_conv_1x1~0|nor_conv_1x1~1|nor_conv_3x3~2|,46.1,90.45599998860678
|nor_conv_1x1~0|+|none~0|none~1|+|nor_conv_3x3~0|avg_pool_3x3~1|none~2|,44.96,88.13599999633789
|nor_conv_1x1~0|+|skip_connect~0|none~1|+|none~0|none~1|skip_connect~2|,40.53,84.55399998901368
|skip_connect~0|+|none~0|skip_connect~1|+|avg_pool_3x3~0|skip_connect~1|skip_connect~2|,40.81,66.20533333170573
|nor_conv_3x3~0|+|none~0|skip_connect~1|+|avg_pool_3x3~0|nor_conv_3x3~1|nor_conv_1x1~2|,51.78,88.98799999633789
|nor_conv_1x1~0|+|skip_connect~0|avg_pool_3x3~1|+|avg_pool_3x3~0|none~1|skip_connect~2|,41.870000000000005,83.42599999633788
|nor_conv_1x1~0|+|none~0|none~1|+|avg_pool_3x3~0|nor_conv_1x1~1|avg_pool_3x3~2|,42.17,86.34400000000001
|nor_conv_3x3~0|+|nor_conv_3x3~0|none~1|+|skip_connect~0|avg_pool_3x3~1|skip_connect~2|,43.94,89.52799998413087
|none~0|+|nor_conv_1x1~0|none~1|+|avg_pool_3x3~0|avg_pool_3x3~1|none~2|,40.56,72.19200001586914
|nor_conv_1x1~0|+|avg_pool_3x3~0|nor_conv_1x1~1|+|nor_conv_3x3~0|none~1|avg_pool_3x3~2|,44.73,86.73600000895182
|nor_conv_1x1~0|+|none~0|nor_conv_3x3~1|+|nor_conv_3x3~0|none~1|nor_conv_3x3~2|,43.33,89.80933333984375
|nor_conv_1x1~0|+|nor_conv_3x3~0|nor_conv_3x3~1|+|skip_connect~0|skip_connect~1|avg_pool_3x3~2|,44.16,89.45733332356771
|nor_conv_1x1~0|+|avg_pool_3x3~0|nor_conv_3x3~1|+|avg_pool_3x3~0|nor_conv_3x3~1|nor_conv_3x3~2|,44.019999999999996,88.0293333162435
|avg_pool_3x3~0|+|nor_conv_1x1~0|skip_connect~1|+|nor_conv_1x1~0|none~1|nor_conv_1x1~2|,43.53,87.20400000813801
|nor_conv_3x3~0|+|skip_connect~0|avg_pool_3x3~1|+|nor_conv_3x3~0|avg_pool_3x3~1|nor_conv_3x3~2|,46.35,89.2180000012207
|nor_conv_1x1~0|+|none~0|nor_conv_1x1~1|+|nor_conv_3x3~0|skip_connect~1|nor_conv_3x3~2|,42.21,89.50799999186198
|skip_connect~0|+|nor_conv_1x1~0|nor_conv_1x1~1|+|nor_conv_1x1~0|nor_conv_1x1~1|avg_pool_3x3~2|,44.0,86.95200000325521
|nor_conv_1x1~0|+|avg_pool_3x3~0|avg_pool_3x3~1|+|none~0|skip_connect~1|none~2|,39.62,86.07000001098632
|skip_connect~0|+|nor_conv_3x3~0|avg_pool_3x3~1|+|nor_conv_3x3~0|skip_connect~1|nor_conv_3x3~2|,47.12,90.55466666178386
|nor_conv_3x3~0|+|nor_conv_3x3~0|none~1|+|none~0|nor_conv_1x1~1|skip_connect~2|,48.44,89.48399998779297
|nor_conv_3x3~0|+|skip_connect~0|avg_pool_3x3~1|+|nor_conv_1x1~0|nor_conv_1x1~1|nor_conv_3x3~2|,48.36,89.80399998168946
|avg_pool_3x3~0|+|avg_pool_3x3~0|nor_conv_3x3~1|+|nor_conv_1x1~0|avg_pool_3x3~1|nor_conv_1x1~2|,45.56,84.95999999755858
|nor_conv_1x1~0|+|nor_conv_3x3~0|nor_conv_1x1~1|+|nor_conv_1x1~0|nor_conv_1x1~1|skip_connect~2|,44.55,89.32999998657226
|none~0|+|skip_connect~0|none~1|+|nor_conv_1x1~0|avg_pool_3x3~1|skip_connect~2|,43.37,86.97333333577474
|skip_connect~0|+|skip_connect~0|nor_conv_1x1~1|+|nor_conv_3x3~0|avg_pool_3x3~1|avg_pool_3x3~2|,44.29,83.4600000008138
|avg_pool_3x3~0|+|nor_conv_1x1~0|skip_connect~1|+|none~0|nor_conv_1x1~1|skip_connect~2|,43.24,85.54399997192382
|nor_conv_1x1~0|+|skip_connect~0|none~1|+|nor_conv_1x1~0|avg_pool_3x3~1|skip_connect~2|,43.43,87.63600000854493
|nor_conv_1x1~0|+|none~0|avg_pool_3x3~1|+|none~0|nor_conv_1x1~1|skip_connect~2|,42.059999999999995,86.16199998901368
|nor_conv_3x3~0|+|none~0|avg_pool_3x3~1|+|none~0|nor_conv_1x1~1|nor_conv_3x3~2|,49.32,88.22399998779298
|nor_conv_3x3~0|+|nor_conv_3x3~0|skip_connect~1|+|nor_conv_1x1~0|none~1|nor_conv_1x1~2|,48.47,89.87599998901368
|nor_conv_3x3~0|+|none~0|nor_conv_3x3~1|+|none~0|nor_conv_3x3~1|none~2|,52.480000000000004,87.07400000976563
|avg_pool_3x3~0|+|none~0|skip_connect~1|+|skip_connect~0|avg_pool_3x3~1|nor_conv_1x1~2|,41.82,77.18799999267577
|none~0|+|skip_connect~0|avg_pool_3x3~1|+|none~0|nor_conv_3x3~1|avg_pool_3x3~2|,40.45,71.57199999267579
|avg_pool_3x3~0|+|avg_pool_3x3~0|avg_pool_3x3~1|+|skip_connect~0|nor_conv_3x3~1|nor_conv_3x3~2|,44.25,86.81199998779296
|nor_conv_3x3~0|+|nor_conv_1x1~0|nor_conv_3x3~1|+|avg_pool_3x3~0|nor_conv_1x1~1|avg_pool_3x3~2|,50.07,88.39999998779297
|avg_pool_3x3~0|+|none~0|none~1|+|avg_pool_3x3~0|skip_connect~1|skip_connect~2|,40.72,71.71399999389648
|nor_conv_1x1~0|+|none~0|skip_connect~1|+|skip_connect~0|skip_connect~1|avg_pool_3x3~2|,42.22,87.02133333902994
|none~0|+|skip_connect~0|nor_conv_3x3~1|+|none~0|nor_conv_3x3~1|avg_pool_3x3~2|,39.0,71.89599998860677
|nor_conv_3x3~0|+|nor_conv_1x1~0|skip_connect~1|+|none~0|nor_conv_1x1~1|nor_conv_1x1~2|,48.43,88.4979999951172
|nor_conv_3x3~0|+|none~0|nor_conv_1x1~1|+|skip_connect~0|avg_pool_3x3~1|skip_connect~2|,45.31,90.1013333154297
|nor_conv_3x3~0|+|none~0|skip_connect~1|+|avg_pool_3x3~0|skip_connect~1|nor_conv_1x1~2|,46.19,88.46399998616538
|skip_connect~0|+|none~0|skip_connect~1|+|none~0|nor_conv_1x1~1|avg_pool_3x3~2|,42.93,85.43866667236328
|avg_pool_3x3~0|+|nor_conv_1x1~0|none~1|+|nor_conv_3x3~0|nor_conv_3x3~1|nor_conv_1x1~2|,45.410000000000004,89.37599998535157
|nor_conv_3x3~0|+|nor_conv_1x1~0|avg_pool_3x3~1|+|avg_pool_3x3~0|nor_conv_3x3~1|nor_conv_3x3~2|,50.62,89.55199999145508
|none~0|+|avg_pool_3x3~0|nor_conv_3x3~1|+|none~0|nor_conv_1x1~1|avg_pool_3x3~2|,39.800000000000004,62.33733333902995
|nor_conv_1x1~0|+|none~0|skip_connect~1|+|none~0|avg_pool_3x3~1|avg_pool_3x3~2|,40.910000000000004,81.67066666097004
|none~0|+|nor_conv_1x1~0|none~1|+|avg_pool_3x3~0|skip_connect~1|nor_conv_3x3~2|,39.73,87.53333332031248
|avg_pool_3x3~0|+|nor_conv_3x3~0|skip_connect~1|+|nor_conv_1x1~0|avg_pool_3x3~1|nor_conv_3x3~2|,46.27,86.76666666503905
|nor_conv_3x3~0|+|none~0|nor_conv_1x1~1|+|nor_conv_3x3~0|nor_conv_3x3~1|nor_conv_1x1~2|,49.36,89.7799999943034
|nor_conv_1x1~0|+|none~0|nor_conv_1x1~1|+|skip_connect~0|nor_conv_3x3~1|nor_conv_3x3~2|,39.01,89.98399999348959
|nor_conv_1x1~0|+|nor_conv_3x3~0|none~1|+|avg_pool_3x3~0|nor_conv_3x3~1|none~2|,41.89,87.5859999987793
|nor_conv_1x1~0|+|nor_conv_1x1~0|none~1|+|nor_conv_1x1~0|nor_conv_3x3~1|avg_pool_3x3~2|,44.78,89.336
|none~0|+|avg_pool_3x3~0|nor_conv_3x3~1|+|nor_conv_3x3~0|none~1|skip_connect~2|,44.14,87.434
|avg_pool_3x3~0|+|nor_conv_1x1~0|nor_conv_3x3~1|+|avg_pool_3x3~0|nor_conv_3x3~1|none~2|,43.78,79.92999998291015
|skip_connect~0|+|nor_conv_1x1~0|skip_connect~1|+|avg_pool_3x3~0|nor_conv_1x1~1|nor_conv_3x3~2|,44.83,87.91733332926431
|nor_conv_3x3~0|+|none~0|avg_pool_3x3~1|+|none~0|skip_connect~1|skip_connect~2|,41.36,87.32399999633789
|nor_conv_1x1~0|+|avg_pool_3x3~0|avg_pool_3x3~1|+|none~0|nor_conv_3x3~1|none~2|,36.1,87.70399999348957
|skip_connect~0|+|none~0|none~1|+|nor_conv_3x3~0|skip_connect~1|nor_conv_3x3~2|,44.629999999999995,89.22533333089193
|nor_conv_1x1~0|+|avg_pool_3x3~0|nor_conv_3x3~1|+|nor_conv_1x1~0|nor_conv_3x3~1|nor_conv_3x3~2|,44.46,90.05799998901367
|skip_connect~0|+|nor_conv_3x3~0|skip_connect~1|+|avg_pool_3x3~0|nor_conv_3x3~1|skip_connect~2|,44.03,84.03866666666666
|avg_pool_3x3~0|+|avg_pool_3x3~0|none~1|+|skip_connect~0|nor_conv_1x1~1|nor_conv_3x3~2|,43.99,86.72800000488282
|nor_conv_1x1~0|+|avg_pool_3x3~0|none~1|+|nor_conv_1x1~0|nor_conv_1x1~1|nor_conv_1x1~2|,44.230000000000004,87.4339999987793
|avg_pool_3x3~0|+|avg_pool_3x3~0|skip_connect~1|+|nor_conv_3x3~0|nor_conv_3x3~1|avg_pool_3x3~2|,44.71,83.21400001708984
|nor_conv_3x3~0|+|nor_conv_1x1~0|avg_pool_3x3~1|+|nor_conv_1x1~0|avg_pool_3x3~1|nor_conv_3x3~2|,47.199999999999996,89.71066666503907
|nor_conv_3x3~0|+|nor_conv_1x1~0|skip_connect~1|+|skip_connect~0|avg_pool_3x3~1|nor_conv_3x3~2|,46.98,90.59733331136067
|skip_connect~0|+|nor_conv_3x3~0|nor_conv_1x1~1|+|none~0|nor_conv_3x3~1|nor_conv_3x3~2|,47.97,89.41333333902996
|nor_conv_3x3~0|+|skip_connect~0|none~1|+|nor_conv_3x3~0|skip_connect~1|avg_pool_3x3~2|,44.72,87.48199999633789
|avg_pool_3x3~0|+|nor_conv_1x1~0|nor_conv_3x3~1|+|none~0|none~1|avg_pool_3x3~2|,42.16,82.66133334147136
|nor_conv_3x3~0|+|none~0|nor_conv_3x3~1|+|skip_connect~0|skip_connect~1|none~2|,43.25,89.28799998535156
|nor_conv_3x3~0|+|nor_conv_1x1~0|avg_pool_3x3~1|+|nor_conv_1x1~0|nor_conv_3x3~1|none~2|,51.65,89.99466666259765
|nor_conv_1x1~0|+|avg_pool_3x3~0|nor_conv_1x1~1|+|nor_conv_3x3~0|nor_conv_3x3~1|avg_pool_3x3~2|,44.42,87.492
|none~0|+|avg_pool_3x3~0|skip_connect~1|+|none~0|nor_conv_1x1~1|skip_connect~2|,40.92,71.9333333284505
|none~0|+|nor_conv_3x3~0|none~1|+|none~0|nor_conv_3x3~1|skip_connect~2|,42.84,88.63399998779298
|nor_conv_1x1~0|+|none~0|nor_conv_1x1~1|+|none~0|none~1|nor_conv_1x1~2|,15.340000000000002,80.24999998291015
|nor_conv_1x1~0|+|nor_conv_1x1~0|skip_connect~1|+|nor_conv_3x3~0|skip_connect~1|avg_pool_3x3~2|,44.15,88.60199999877929
|nor_conv_3x3~0|+|avg_pool_3x3~0|skip_connect~1|+|skip_connect~0|skip_connect~1|none~2|,43.39,89.15999999023438
|avg_pool_3x3~0|+|nor_conv_3x3~0|skip_connect~1|+|avg_pool_3x3~0|nor_conv_3x3~1|avg_pool_3x3~2|,44.22,82.04199999023439
|skip_connect~0|+|skip_connect~0|nor_conv_1x1~1|+|nor_conv_3x3~0|nor_conv_3x3~1|nor_conv_1x1~2|,45.33,89.3479999967448
|none~0|+|nor_conv_3x3~0|avg_pool_3x3~1|+|nor_conv_1x1~0|skip_connect~1|none~2|,43.93,86.37000001220703
|nor_conv_3x3~0|+|nor_conv_1x1~0|nor_conv_1x1~1|+|avg_pool_3x3~0|nor_conv_3x3~1|nor_conv_1x1~2|,48.11,89.65399998535156
|nor_conv_3x3~0|+|nor_conv_1x1~0|nor_conv_3x3~1|+|skip_connect~0|nor_conv_3x3~1|none~2|,51.18000000000001,90.86599999023437
|skip_connect~0|+|nor_conv_3x3~0|nor_conv_1x1~1|+|avg_pool_3x3~0|avg_pool_3x3~1|nor_conv_1x1~2|,44.47,86.22933333821614
|nor_conv_1x1~0|+|none~0|nor_conv_1x1~1|+|nor_conv_3x3~0|none~1|avg_pool_3x3~2|,45.39,88.58400000244141
|none~0|+|avg_pool_3x3~0|nor_conv_1x1~1|+|nor_conv_3x3~0|skip_connect~1|avg_pool_3x3~2|,44.14,86.20200000976563
|nor_conv_1x1~0|+|skip_connect~0|avg_pool_3x3~1|+|skip_connect~0|nor_conv_1x1~1|skip_connect~2|,42.730000000000004,86.08000000244141
|none~0|+|none~0|nor_conv_3x3~1|+|nor_conv_1x1~0|none~1|avg_pool_3x3~2|,43.03,86.17333331787108
|nor_conv_1x1~0|+|skip_connect~0|nor_conv_1x1~1|+|none~0|nor_conv_1x1~1|nor_conv_3x3~2|,39.64,88.99999999877929
|skip_connect~0|+|skip_connect~0|avg_pool_3x3~1|+|skip_connect~0|nor_conv_1x1~1|avg_pool_3x3~2|,41.89,74.2893333251953
|avg_pool_3x3~0|+|nor_conv_1x1~0|nor_conv_1x1~1|+|skip_connect~0|nor_conv_3x3~1|nor_conv_1x1~2|,42.13,89.04999999755859
|nor_conv_1x1~0|+|none~0|none~1|+|nor_conv_3x3~0|skip_connect~1|skip_connect~2|,44.89,88.93066665608724
|nor_conv_3x3~0|+|avg_pool_3x3~0|none~1|+|nor_conv_1x1~0|nor_conv_3x3~1|none~2|,51.519999999999996,90.04799997924805
|nor_conv_1x1~0|+|avg_pool_3x3~0|nor_conv_3x3~1|+|none~0|nor_conv_1x1~1|nor_conv_1x1~2|,41.58,88.0839999967448
|avg_pool_3x3~0|+|nor_conv_3x3~0|none~1|+|nor_conv_1x1~0|skip_connect~1|nor_conv_3x3~2|,47.260000000000005,89.1653333260091
|none~0|+|avg_pool_3x3~0|nor_conv_1x1~1|+|avg_pool_3x3~0|avg_pool_3x3~1|skip_connect~2|,40.45,69.8839999987793
|none~0|+|nor_conv_3x3~0|nor_conv_3x3~1|+|nor_conv_1x1~0|none~1|skip_connect~2|,44.11,89.15866665201823
|none~0|+|none~0|nor_conv_3x3~1|+|nor_conv_1x1~0|none~1|none~2|,43.9,86.30533333089193
|skip_connect~0|+|avg_pool_3x3~0|nor_conv_3x3~1|+|skip_connect~0|nor_conv_3x3~1|nor_conv_1x1~2|,45.36,90.031999991862
|avg_pool_3x3~0|+|nor_conv_3x3~0|skip_connect~1|+|avg_pool_3x3~0|nor_conv_3x3~1|none~2|,43.86,80.20600000244141
|nor_conv_3x3~0|+|avg_pool_3x3~0|nor_conv_1x1~1|+|nor_conv_3x3~0|none~1|nor_conv_1x1~2|,45.839999999999996,89.41999998657226
|skip_connect~0|+|nor_conv_3x3~0|skip_connect~1|+|nor_conv_3x3~0|nor_conv_1x1~1|none~2|,45.33,89.01999998860676
|nor_conv_1x1~0|+|avg_pool_3x3~0|none~1|+|nor_conv_1x1~0|nor_conv_3x3~1|nor_conv_1x1~2|,44.98,88.98933332112631
|skip_connect~0|+|none~0|none~1|+|nor_conv_3x3~0|skip_connect~1|avg_pool_3x3~2|,44.32,89.28399999755861
|none~0|+|none~0|skip_connect~1|+|nor_conv_1x1~0|skip_connect~1|avg_pool_3x3~2|,43.919999999999995,85.85333334309895
|skip_connect~0|+|none~0|skip_connect~1|+|avg_pool_3x3~0|avg_pool_3x3~1|skip_connect~2|,40.72,60.038666659342454
|skip_connect~0|+|nor_conv_1x1~0|avg_pool_3x3~1|+|skip_connect~0|none~1|nor_conv_1x1~2|,42.33,87.64533333740235
|skip_connect~0|+|skip_connect~0|nor_conv_1x1~1|+|avg_pool_3x3~0|skip_connect~1|none~2|,40.8,77.74666665852864
|none~0|+|skip_connect~0|nor_conv_1x1~1|+|none~0|skip_connect~1|avg_pool_3x3~2|,40.31,71.88600001098632
|nor_conv_1x1~0|+|none~0|nor_conv_1x1~1|+|skip_connect~0|none~1|skip_connect~2|,42.870000000000005,87.60399999023437
|nor_conv_3x3~0|+|avg_pool_3x3~0|none~1|+|none~0|nor_conv_3x3~1|nor_conv_3x3~2|,49.91,88.20000000244141
|nor_conv_1x1~0|+|avg_pool_3x3~0|none~1|+|avg_pool_3x3~0|nor_conv_3x3~1|avg_pool_3x3~2|,42.370000000000005,85.17000001098633
|skip_connect~0|+|avg_pool_3x3~0|avg_pool_3x3~1|+|none~0|nor_conv_1x1~1|nor_conv_3x3~2|,43.43,87.95466666422526
|none~0|+|none~0|nor_conv_3x3~1|+|nor_conv_3x3~0|nor_conv_3x3~1|none~2|,44.99,88.81066667073567
|nor_conv_3x3~0|+|nor_conv_3x3~0|none~1|+|none~0|nor_conv_1x1~1|avg_pool_3x3~2|,48.03,88.66600000732421
|skip_connect~0|+|none~0|nor_conv_1x1~1|+|skip_connect~0|avg_pool_3x3~1|avg_pool_3x3~2|,41.99,83.45200000162761
|avg_pool_3x3~0|+|nor_conv_1x1~0|avg_pool_3x3~1|+|nor_conv_3x3~0|avg_pool_3x3~1|nor_conv_1x1~2|,45.43,86.72400000406901
|nor_conv_3x3~0|+|avg_pool_3x3~0|nor_conv_3x3~1|+|avg_pool_3x3~0|none~1|none~2|,40.52,71.10000000732423
|avg_pool_3x3~0|+|skip_connect~0|nor_conv_3x3~1|+|nor_conv_3x3~0|skip_connect~1|nor_conv_3x3~2|,47.260000000000005,88.51999999023437
|nor_conv_1x1~0|+|nor_conv_3x3~0|nor_conv_3x3~1|+|nor_conv_3x3~0|none~1|nor_conv_1x1~2|,46.51,89.70999998779297
|nor_conv_3x3~0|+|nor_conv_1x1~0|nor_conv_1x1~1|+|nor_conv_1x1~0|skip_connect~1|nor_conv_3x3~2|,44.98,90.18399999633789
|none~0|+|none~0|none~1|+|none~0|nor_conv_3x3~1|none~2|,10.0,9.712000000406901
|nor_conv_1x1~0|+|skip_connect~0|none~1|+|avg_pool_3x3~0|avg_pool_3x3~1|avg_pool_3x3~2|,41.74,79.96599998046875
|avg_pool_3x3~0|+|nor_conv_1x1~0|nor_conv_3x3~1|+|none~0|nor_conv_1x1~1|nor_conv_3x3~2|,45.18,87.98199999755859
|none~0|+|nor_conv_1x1~0|nor_conv_1x1~1|+|avg_pool_3x3~0|nor_conv_1x1~1|none~2|,40.71,72.4739999963379
|avg_pool_3x3~0|+|avg_pool_3x3~0|skip_connect~1|+|skip_connect~0|nor_conv_3x3~1|skip_connect~2|,43.33,68.64799998291016
|none~0|+|nor_conv_1x1~0|nor_conv_1x1~1|+|avg_pool_3x3~0|none~1|nor_conv_1x1~2|,39.54,86.1893333260091
|avg_pool_3x3~0|+|skip_connect~0|avg_pool_3x3~1|+|nor_conv_3x3~0|avg_pool_3x3~1|avg_pool_3x3~2|,43.04,74.67199998657227
|avg_pool_3x3~0|+|none~0|nor_conv_1x1~1|+|avg_pool_3x3~0|none~1|skip_connect~2|,42.46,76.53199998901367
|nor_conv_1x1~0|+|nor_conv_1x1~0|nor_conv_1x1~1|+|nor_conv_1x1~0|none~1|skip_connect~2|,43.8,86.50000000569662
|skip_connect~0|+|avg_pool_3x3~0|none~1|+|nor_conv_3x3~0|skip_connect~1|none~2|,44.31,89.25199999430339
|none~0|+|avg_pool_3x3~0|nor_conv_3x3~1|+|skip_connect~0|nor_conv_3x3~1|nor_conv_3x3~2|,42.620000000000005,86.98533334309896
|nor_conv_1x1~0|+|skip_connect~0|nor_conv_1x1~1|+|nor_conv_1x1~0|nor_conv_1x1~1|avg_pool_3x3~2|,44.019999999999996,87.13800000366211
|avg_pool_3x3~0|+|none~0|skip_connect~1|+|none~0|skip_connect~1|avg_pool_3x3~2|,40.72,65.98533332722982
|none~0|+|none~0|nor_conv_3x3~1|+|nor_conv_1x1~0|nor_conv_3x3~1|nor_conv_3x3~2|,40.81,86.188
|avg_pool_3x3~0|+|nor_conv_3x3~0|nor_conv_1x1~1|+|nor_conv_3x3~0|skip_connect~1|avg_pool_3x3~2|,44.75,86.98000000244141
|none~0|+|nor_conv_1x1~0|none~1|+|nor_conv_3x3~0|nor_conv_1x1~1|avg_pool_3x3~2|,44.74,88.29799998657226
|nor_conv_3x3~0|+|avg_pool_3x3~0|none~1|+|nor_conv_1x1~0|skip_connect~1|nor_conv_3x3~2|,44.379999999999995,89.32666665608724
|avg_pool_3x3~0|+|none~0|skip_connect~1|+|none~0|nor_conv_1x1~1|skip_connect~2|,43.13,77.43599998779297
|skip_connect~0|+|nor_conv_1x1~0|nor_conv_1x1~1|+|nor_conv_1x1~0|none~1|none~2|,43.94,86.04133333089192
|nor_conv_3x3~0|+|nor_conv_3x3~0|skip_connect~1|+|skip_connect~0|nor_conv_3x3~1|avg_pool_3x3~2|,47.83,90.71199999389648
|skip_connect~0|+|avg_pool_3x3~0|nor_conv_1x1~1|+|avg_pool_3x3~0|none~1|nor_conv_3x3~2|,43.230000000000004,86.53333332845051
|none~0|+|nor_conv_3x3~0|nor_conv_3x3~1|+|none~0|none~1|nor_conv_1x1~2|,44.95,87.66999999389648
|avg_pool_3x3~0|+|nor_conv_3x3~0|nor_conv_3x3~1|+|avg_pool_3x3~0|nor_conv_3x3~1|nor_conv_1x1~2|,47.21,88.51799999511718
|none~0|+|nor_conv_3x3~0|nor_conv_1x1~1|+|none~0|skip_connect~1|avg_pool_3x3~2|,42.6,84.69599999104817
|nor_conv_3x3~0|+|nor_conv_1x1~0|nor_conv_3x3~1|+|none~0|none~1|skip_connect~2|,50.339999999999996,90.12799999837239
|nor_conv_3x3~0|+|avg_pool_3x3~0|avg_pool_3x3~1|+|nor_conv_3x3~0|none~1|nor_conv_3x3~2|,47.199999999999996,89.18399999633789
|nor_conv_1x1~0|+|nor_conv_1x1~0|nor_conv_1x1~1|+|skip_connect~0|skip_connect~1|none~2|,42.16,86.92000000488281
|avg_pool_3x3~0|+|none~0|avg_pool_3x3~1|+|avg_pool_3x3~0|skip_connect~1|nor_conv_1x1~2|,41.91,71.98000000732422
|nor_conv_1x1~0|+|skip_connect~0|none~1|+|skip_connect~0|skip_connect~1|nor_conv_1x1~2|,42.96,87.00600000488282
|skip_connect~0|+|skip_connect~0|skip_connect~1|+|avg_pool_3x3~0|none~1|skip_connect~2|,40.8,65.7493333219401
|nor_conv_3x3~0|+|nor_conv_3x3~0|avg_pool_3x3~1|+|avg_pool_3x3~0|nor_conv_3x3~1|avg_pool_3x3~2|,47.96,88.30800000976564
|avg_pool_3x3~0|+|nor_conv_1x1~0|skip_connect~1|+|nor_conv_1x1~0|nor_conv_3x3~1|none~2|,43.87,88.18799999145509
